Имот / Описание,Начална цена,Стойност (число),Краен срок,Линк към търга
Обява за публична продан,0.00 лв.,0.0,Активен търг,https://sales.bcpea.org/properties/91765
Обява за публична продан,0.00 лв.,0.0,Активен търг,https://sales.bcpea.org/properties/91764
Обява за публична продан,0.00 лв.,0.0,Активен търг,https://sales.bcpea.org/properties/91763
Обява за публична продан,0.00 лв.,0.0,Активен търг,https://sales.bcpea.org/properties/91762
Обява за публична продан,0.00 лв.,0.0,Активен търг,https://sales.bcpea.org/properties/91761
Обява за публична продан,0.00 лв.,0.0,Активен търг,https://sales.bcpea.org/properties/91760
Обява за публична продан,0.00 лв.,0.0,Активен търг,https://sales.bcpea.org/properties/91759
Обява за публична продан,0.00 лв.,0.0,Активен търг,https://sales.bcpea.org/properties/91758
Обява за публична продан,0.00 лв.,0.0,Активен търг,https://sales.bcpea.org/properties/91757
Обява за публична продан,0.00 лв.,0.0,Активен търг,https://sales.bcpea.org/properties/91756
Обява за публична продан,0.00 лв.,0.0,Активен търг,https://sales.bcpea.org/properties/91755
Обява за публична продан,0.00 лв.,0.0,Активен търг,https://sales.bcpea.org/properties/91754
